IK1;vbcf73392;1000
IK1;vbcf85861;2000
OHJ104;vbcf102861;2000
OHJ105;vbcf102863;2000
OHJ13;vbcf102864;2000
OHJ22i4n14;vbcf73391;1000
OHJ7;vbcf100244;1000
OHJ72;vbcf85860;3000
OHJ7i3n10;vbcf73394;1000
OHJ7i3n10;vbcf85864;3000
OHJ7i3n2;vbcf73393;1000
OHJ7i3n2;vbcf85863;3000
OHJ7i3n5;vbcf73395;1000
OHJ7i3n5;vbcf85865;3000
OHJ7i3n7;vbcf73396;1000
OHJ7i3n7;vbcf85862;3000
OHJ82;vbcf102860;2000
OHJ97;vbcf102862;2000
MNCHU008;mbl2016;600
OHJ104;mbl2016;600
OHJ105;mbl2016;600
OHJ13;mbl2016;600
OHJ22;mbl2015;600
OHJ22;mbl2016;600
OHJ7;mbl2015;600
OHJ7;mbl2016;600
OHJ72;mbl2016;600
OHJ82;mbl2016;600
OHJ96;mbl2016;600
OHJ97;mbl2016;600
OHJ98;mbl2016;600
TISCARSM28;mbl2015;600
TOKYO1;mbl2015;600
OHJ7;mbl2019;600
